Laser Delay [ns],TA [mOD]
-400,0.096762
-390,-0.202048
-380,0.089099
-370,-0.156065
-360,-0.274076
-350,0.102291
-340,0.127184
-330,-0.247656
-320,0.089032
-310,0.003405
-300,0.072933
-290,0.222727
-280,0.196587
-270,-0.282199
-260,-0.078890
-250,-0.156636
-240,0.166291
-230,0.211302
-220,0.130729
-210,-0.286273
-200,0.125036
-190,-0.073167
-180,0.021773
-170,0.264505
-160,-0.166122
-150,0.427929
-140,-0.124850
-130,0.386735
-120,0.194716
-110,0.047277
-100,0.398854
-90,-0.226430
-80,0.352966
-70,0.415277
-60,0.289283
-50,0.226290
-40,-0.243251
-30,0.138884
-20,0.288719
-10,0.338269
0,2.131306
10,4.157038
20,5.122655
30,6.626871
40,8.103081
50,10.029360
60,11.394603
70,12.836863
80,14.616271
90,15.788627
100,17.209931
110,18.467576
120,18.552764
130,17.600099
140,17.242601
150,16.823864
160,16.445085
170,16.261869
180,16.187004
190,15.845463
200,15.568062
210,15.188553
220,14.982106
230,14.213994
240,13.921875
250,13.963580
260,13.707679
270,13.369408
280,13.159627
290,12.859297
300,12.727459
310,12.362308
320,12.220573
330,11.655630
340,12.021168
350,11.727149
360,11.218124
370,10.653281
380,10.515063
390,10.964166
400,10.552958
410,10.005465
420,9.899136
430,10.240806
440,9.692109
450,9.511606
460,8.827355
470,8.826495
480,9.190575
490,8.571696
500,8.662796
510,8.390893
520,8.275495
530,7.747557
540,8.040605
550,7.601056
560,7.390545
570,7.862254
580,7.225517
590,6.932914
600,7.551366
610,6.569074
620,7.263030
630,6.321992
640,6.529167
650,6.598669
660,6.174749
670,6.097589
680,6.084190
690,5.660323
700,5.637614
710,6.107744
720,5.374313
730,5.439000
740,5.297376
750,5.189572
760,5.344335
770,5.119216
780,5.245167
790,5.403168
800,4.700432
810,4.273448
820,4.210237
830,4.194715
840,4.260600
850,4.273728
860,4.163397
870,4.662712
880,3.933761
890,4.089342
900,3.606842
910,3.754059
920,3.524386
930,3.879599
940,4.246104
950,3.917878
960,3.285880
970,3.239105
980,3.786469
990,3.268806
1000,3.214736
1010,3.375061
1020,3.194462
1030,2.982812
1040,3.243776
1050,2.871772
1060,3.321500
1070,2.522055
1080,2.845831
1090,3.182117
1100,3.059773
1110,2.664289
1120,2.656906
1130,2.166111
1140,2.629437
1150,2.511719
1160,2.378709
1170,2.198641
1180,2.176572
1190,2.520872
1200,2.444899
1210,1.896778
1220,2.355966
1230,2.244860
1240,1.785394
1250,2.110650
1260,1.879404
1270,2.006512
1280,1.930161
1290,1.603262
1300,1.797981
1310,2.173478
1320,1.405050
1330,1.437868
1340,1.942777
1350,1.706657
1360,2.068779
1370,1.805007
1380,1.151474
1390,1.373018
1400,1.459763
1410,1.530855
1420,1.083509
1430,1.414171
1440,1.629734
1450,1.286224
1460,1.089365
1470,1.134321
1480,1.390779
1490,1.464727
1500,0.710180
1510,1.207057
1520,0.786017
1530,1.040145
1540,1.094281
1550,0.840735
1560,1.500608
1570,1.179076
1580,1.387107
1590,1.097148
1600,0.786772
1610,0.796928
1620,0.788615
1630,0.651473
1640,1.060849
1650,0.776410
1660,1.047752
1670,0.700816
1680,0.660694
1690,0.966757
1700,0.754309
1710,0.729483
1720,0.893339
1730,0.729356
1740,0.707398
1750,0.726411
1760,1.083361
1770,0.866984
1780,0.872108
1790,0.647324
1800,0.827399
1810,0.796366
1820,1.075304
1830,0.381086
1840,0.655095
1850,1.136664
1860,0.521393
1870,0.697612
1880,0.737370
1890,0.483694
1900,0.779085
1910,0.872088
1920,0.487571
1930,0.930851
1940,0.208168
1950,0.257163
1960,0.609491
1970,0.432108
1980,0.723196
1990,0.298729
2000,0.586878
2010,0.216466
2020,0.536997
2030,0.798845
2040,0.535167
2050,0.151513
2060,0.310527
2070,0.153868
2080,0.514947
2090,0.514146
2100,0.430673
2110,0.360938
2120,0.307736
2130,0.327618
2140,0.342163
2150,0.500266
2160,0.374754
2170,0.251584
2180,0.184700
2190,0.278071
2200,0.279818
2210,0.764553
2220,0.332371
2230,0.419128
2240,-0.040628
2250,0.069995
2260,0.659975
2270,0.139913
2280,0.083827
2290,-0.157087
2300,0.712586
2310,0.187548
2320,-0.229163
2330,0.076659
2340,0.066843
2350,0.321999
2360,0.397665
2370,-0.090572
2380,0.413740
2390,0.451923
2400,0.076275
2410,0.168341
2420,0.662948
2430,-0.376069
2440,-0.027617
2450,0.541442
2460,0.104306
2470,0.058375
2480,0.397388
2490,0.407648
2500,0.014271
2510,0.040791
2520,0.021869
2530,0.314671
2540,0.124573
2550,0.279577
2560,0.165801
2570,0.072147
2580,0.013335
2590,-0.056736
2600,0.061671
2610,0.241657
2620,-0.291340
2630,0.388437
2640,-0.040836
2650,-0.036676
2660,0.201977
2670,0.245640
2680,0.064499
2690,0.315687
2700,0.330475
2710,0.345407
2720,-0.005372
2730,-0.286091
2740,0.173557
2750,-0.043453
2760,0.212718
2770,-0.013470
2780,0.266423
2790,-0.140602
2800,-0.016315
2810,0.300553
2820,-0.003670
2830,-0.082531
2840,-0.031955
2850,0.108315
2860,-0.085863
2870,-0.009836
2880,0.098286
2890,0.090010
2900,0.035617
2910,0.195000
2920,0.033022
2930,-0.114844
2940,-0.546418
2950,0.623600
2960,0.157740
2970,-0.187117
2980,-0.039298
2990,0.289942
3000,0.340443
3010,-0.142914
3020,0.445568
3030,-0.042305
3040,0.009055
3050,0.168518
3060,-0.046970
3070,0.091676
3080,-0.061338
3090,-0.256894
3100,0.284167
3110,0.632242
3120,0.257563
3130,-0.011103
3140,0.090514
3150,-0.111613
3160,0.149805
3170,-0.068893
3180,0.318489
3190,-0.391271
3200,-0.028633
3210,0.562951
3220,0.105354
3230,0.007425
3240,0.291839
3250,-0.030568
3260,-0.445086
3270,-0.026901
3280,0.036302
3290,0.651446
3300,-0.075609
3310,0.096041
3320,-0.118968
3330,-0.067804
3340,-0.140187
3350,-0.373631
3360,0.471082
3370,0.105710
3380,0.079181
3390,0.153144
3400,-0.106940
3410,-0.083244
3420,0.083685
3430,0.208413
3440,-0.122085
3450,-0.484078
3460,0.389982
3470,0.057010
3480,0.098547
3490,-0.119102
3500,-0.048747
3510,-0.021925
3520,0.318923
3530,0.139266
3540,0.091279
3550,0.274126
3560,0.456184
3570,-0.124714
3580,-0.137228
3590,-0.081344
3600,0.073069
3610,-0.014037
3620,-0.142801
3630,-0.191349
3640,-0.102891
3650,-0.218610
3660,-0.404513
3670,-0.014141
3680,0.203198
3690,0.301716
3700,0.017975
3710,-0.227227
3720,-0.351360
3730,-0.024982
3740,0.270704
3750,-0.375709
3760,0.324984
3770,0.266743
3780,-0.281984
3790,0.168970
3800,0.175414
3810,-0.000457
3820,-0.395943
3830,0.064915
3840,-0.237221
3850,0.179205
3860,0.002313
3870,-0.320870
3880,0.124752
3890,0.138596
3900,0.341872
3910,0.214125
3920,-0.321898
3930,0.035715
3940,0.060522
3950,0.186673
3960,0.149420
3970,0.157135
3980,0.152259
3990,-0.173519
4000,0.059982
4010,0.546714
4020,-0.102734
4030,0.093910
4040,0.275410
4050,0.103517
4060,0.060775
4070,-0.151358
4080,0.079269
4090,-0.167576
4100,0.456838
4110,-0.299148
4120,0.123454
4130,-0.080319
4140,0.239531
4150,0.098854
4160,-0.137785
4170,-0.089011
4180,-0.063055
4190,-0.285076
4200,0.468496
4210,-0.117380
4220,0.550790
4230,-0.042987
4240,0.111929
4250,-0.112622
4260,0.157506
4270,-0.088563
4280,0.107549
4290,0.282310
4300,-0.174001
4310,-0.225602
4320,0.120820
4330,-0.084726
4340,-0.125919
4350,0.055444
4360,-0.301733
4370,0.009349
4380,-0.489361
4390,-0.178752
4400,0.161246
4410,-0.407425
4420,0.136967
4430,-0.287182
4440,0.284713
4450,-0.011319
4460,0.030225
4470,-0.042836
4480,0.155878
4490,-0.010717
4500,0.073539
4510,-0.135191
4520,0.495788
4530,-0.228461
4540,-0.279579
4550,-0.241152
4560,-0.456982
4570,-0.285329
4580,0.254775
4590,0.067261
4600,-0.096184
4610,0.145425
4620,-0.352462
4630,0.114968
4640,0.183820
4650,0.294962
4660,0.236781
4670,0.484361
4680,0.181454
4690,-0.334875
4700,0.066249
4710,0.154027
4720,-0.104437
4730,0.375636
4740,0.008623
4750,-0.181837
4760,-0.129026
4770,-0.471154
4780,0.043277
4790,0.402582
4800,-0.078946
4810,0.589683
4820,-0.135755
4830,-0.309548
4840,0.328702
4850,-0.536998
4860,-0.105575
4870,0.292071
4880,0.262907
4890,0.325203
4900,0.241385
4910,-0.343647
4920,-0.015421
4930,0.165046
4940,0.080474
4950,0.264930
4960,0.568701
4970,0.055678
4980,-0.063692
4990,0.015642
5000,0.050880
