Laser Delay [ns],TA1 [mOD],TA2 [mOD],TA3 [mOD],TA4 [mOD],TA5 [mOD]
-400,-0.109308,-0.121159,-0.007047,0.587693,0.133633
-390,0.123624,0.831097,-0.792537,-0.457132,-0.715292
-380,0.206026,-0.956995,0.235134,1.195799,-0.234468
-370,0.208361,-0.016481,-0.270023,-0.514529,-0.187652
-360,-0.130666,-0.583700,-0.620672,0.228450,-0.263793
-350,-0.074153,-0.752450,0.880723,0.053924,0.403412
-340,-0.102405,-0.140102,0.032899,0.225128,0.620402
-330,0.114194,0.057710,-0.574973,-0.600763,-0.234448
-320,-0.154204,0.493190,0.397152,0.666455,-0.957435
-310,0.254489,0.731528,-0.781528,0.038697,-0.226161
-300,0.335768,0.116661,0.607571,0.038688,-0.734025
-290,0.260260,-0.189750,0.854589,-0.422194,0.610730
-280,-0.129582,0.352301,0.039945,0.727303,-0.007033
-270,-0.213083,-0.194478,-0.937523,-0.204206,0.138295
-260,0.410890,-0.345220,-0.337836,0.783869,-0.906150
-250,-0.494502,-0.004711,0.092834,-0.726117,0.349315
-240,0.094213,0.067155,0.071627,0.965201,-0.366740
-230,-0.143701,-0.108339,0.499212,-0.323520,1.132858
-220,0.454894,0.060057,0.205614,0.920235,-0.987154
-210,-0.171821,0.068349,-0.426598,-0.227468,-0.673828
-200,0.436844,0.057684,-0.251448,-0.550050,0.932151
-190,-0.429656,-0.672465,-0.142169,0.093775,0.784679
-180,0.094218,-0.684303,0.209140,-0.445738,0.935546
-170,-0.317808,0.422864,0.786037,0.184038,0.247396
-160,-0.100155,0.239157,0.440352,-0.654091,-0.755872
-150,0.112011,-0.232012,0.765420,0.628640,0.865588
-140,-0.235596,0.254460,-0.848033,-0.198200,0.403120
-130,0.025927,-0.064775,0.177454,0.859330,0.935738
-120,0.114328,0.235511,-0.012916,0.245048,0.391605
-110,-0.462066,-0.387479,-0.166779,0.678600,0.574111
-100,0.226135,0.445171,0.607846,-0.381379,1.096499
-90,-0.025936,-0.502981,-0.440399,0.795930,-0.958766
-80,-0.194470,0.175443,0.516421,0.733872,0.533566
-70,-0.226054,0.002355,0.543509,0.739226,1.017350
-60,0.193199,0.318019,-0.036417,0.924734,0.046883
-50,0.203844,0.037680,-0.352272,0.851630,0.390566
-40,0.116617,0.197795,-0.552873,-0.905087,-0.072707
-30,-0.249744,0.521904,-0.562690,0.552345,0.432604
-20,0.163798,-0.341285,0.436101,1.020847,0.164134
-10,0.169792,0.557403,0.398458,0.553972,0.011722
0,2.119452,1.991224,1.341335,3.001723,2.202795
10,3.751661,4.144158,4.365948,3.855976,4.667447
20,4.835891,5.001209,5.270591,5.614328,4.891256
30,6.609894,6.631781,6.560865,5.847694,7.484120
40,8.261051,8.652623,8.225339,7.796541,7.579853
50,10.406824,10.145655,9.502104,10.707583,9.384633
60,11.227114,11.774714,10.906403,12.064308,11.000475
70,13.214152,12.946491,12.908915,12.786639,12.328118
80,13.893372,14.080335,15.000180,14.686897,15.420571
90,15.774385,16.026567,15.580747,15.484374,16.077064
100,16.999795,16.587126,17.501593,17.616476,17.344668
110,17.946112,18.506694,18.850372,18.316533,18.718171
120,17.885631,18.000200,19.014443,18.798386,19.065162
130,17.419713,17.790717,16.668402,17.456565,18.665096
140,17.141573,16.998973,17.347714,16.731839,17.992908
150,17.218441,16.514080,16.169882,17.046242,17.170677
160,16.410399,17.006358,16.464392,15.682633,16.661644
170,16.338785,16.368208,15.864559,17.167464,15.570327
180,15.651062,15.874427,16.849054,17.048532,15.511945
190,15.265455,15.819944,15.871611,16.238720,16.031583
200,15.212195,15.613827,16.222630,15.687229,15.104430
210,14.967496,15.739350,15.060139,14.812020,15.363761
220,15.134975,15.049268,14.660293,14.574858,15.491139
230,14.370948,14.498869,14.408759,13.680095,14.111300
240,14.187328,14.324633,13.997807,13.424941,13.674665
250,13.935086,13.473410,14.487675,14.222802,13.698928
260,13.771855,13.939600,13.650792,13.316372,13.859774
270,13.409005,12.877783,13.254005,13.680048,13.626200
280,13.222938,12.997611,12.353456,14.030973,13.193159
290,13.013652,12.894460,13.022580,12.170706,13.195088
300,12.500275,13.244788,12.442180,12.932371,12.517681
310,12.374012,12.128768,12.671647,11.627780,13.009333
320,12.060078,12.802091,12.369410,11.430286,12.441000
330,11.949365,11.732095,11.247388,11.456480,11.892820
340,11.766213,12.080739,11.971148,11.916904,12.370837
350,11.658342,11.386828,12.654869,10.663378,12.272326
360,11.501661,10.543315,11.215755,10.926063,11.903825
370,11.089886,10.290267,9.908217,11.242899,10.735139
380,11.199069,10.750935,10.377935,10.143392,10.103982
390,10.326080,10.916694,10.576950,11.754490,11.246614
400,10.002214,10.685864,10.490716,10.938704,10.647294
410,10.126998,10.071613,9.302431,10.011225,10.515059
420,9.490938,10.011832,10.395407,9.547021,10.050480
430,9.735073,10.191051,10.763716,9.959558,10.554633
440,9.615945,9.837059,9.715909,9.521657,9.769976
450,9.510600,10.325340,9.393486,9.654660,8.673941
460,9.148473,9.092589,9.075098,8.350078,8.470537
470,8.733744,9.091973,8.889224,8.784722,8.632812
480,9.015872,9.055797,8.542147,9.633655,9.705404
490,8.498174,8.989752,7.703386,8.366501,9.300667
500,8.671924,7.977376,9.276535,9.511594,7.876549
510,7.987427,8.259453,8.464164,9.592203,7.651219
520,7.936724,8.482432,8.114861,7.935613,8.907845
530,8.135550,7.614705,7.002842,8.179152,7.805536
540,7.746530,7.893531,8.346496,8.173958,8.042509
550,7.952989,7.280208,6.675468,8.714837,7.381780
560,7.896694,7.445980,7.876643,6.934572,6.798836
570,7.691604,7.711108,8.138885,7.526664,8.243010
580,6.881486,7.044320,6.788988,7.894393,7.518397
590,7.266894,6.810906,6.378752,7.412869,6.795148
600,6.895315,7.702886,7.745067,7.310881,8.102679
610,6.842964,6.850642,6.530785,6.594846,6.026136
620,6.905524,7.539058,6.988383,7.625177,7.257010
630,6.520946,6.380011,6.444485,6.619859,5.644660
640,6.949739,6.252998,6.514931,6.789288,6.138881
650,6.524704,6.534653,6.813751,6.636352,6.483882
660,6.339475,6.014934,6.380240,6.631325,5.507768
670,5.996010,6.353437,6.910580,5.470070,5.757847
680,6.499511,5.758700,5.969344,5.694589,6.498807
690,5.377425,5.933426,6.440275,5.440259,5.110232
700,5.441669,6.046148,5.648282,5.717648,5.334325
710,5.713788,6.123566,6.140935,6.753179,5.807253
720,4.871432,5.640673,6.391758,4.723449,5.244253
730,5.369228,5.362531,5.521934,5.529763,5.411543
740,5.103891,5.229241,5.728245,5.761449,4.664055
750,5.706091,5.895438,4.156179,4.499212,5.690938
760,4.912744,5.323560,5.781758,6.086568,4.617044
770,4.816262,5.220209,5.627963,5.506278,4.425371
780,4.894753,5.459119,5.508245,4.709639,5.654081
790,4.599289,5.262753,5.809838,5.910196,5.433763
800,5.066205,5.306723,5.042624,4.171093,3.915514
810,5.158337,4.512801,4.336043,3.634792,3.725269
820,5.119700,3.753366,4.093260,4.311527,3.773331
830,4.482413,4.934476,3.704711,3.999371,3.852601
840,4.096913,4.324710,4.361234,4.843613,3.676532
850,3.919384,4.526123,4.681957,4.697049,3.544128
860,4.175831,3.954632,4.817464,3.395347,4.473713
870,4.122255,4.243823,4.802114,4.928827,5.216542
880,4.151439,4.520921,3.626583,3.107299,4.262562
890,3.410898,3.924881,4.294681,4.756525,4.059726
900,3.743864,3.881621,3.207654,3.194962,4.006107
910,4.066952,3.202751,4.268327,3.070301,4.161962
920,3.469047,4.092232,3.137126,4.050188,2.873337
930,4.295369,4.144461,3.113916,3.470232,4.374017
940,3.539475,4.661668,4.572943,4.187715,4.268721
950,3.489813,4.404251,3.053042,4.524437,4.117845
960,3.372610,3.171931,2.838574,2.982253,4.064033
970,3.560638,3.463568,2.811653,3.027589,3.332077
980,3.473854,3.100603,3.703889,4.321238,4.332761
990,3.542856,3.375011,3.374540,2.442737,3.608885
1000,2.851321,3.349728,4.037675,3.487926,2.347030
1010,2.718347,2.582668,4.035522,4.200721,3.338048
1020,3.225611,3.785369,3.722558,2.265479,2.973294
1030,3.495215,2.441298,2.019066,4.015191,2.943289
1040,3.012173,2.991299,3.526896,3.851495,2.837014
1050,2.405634,2.428201,3.866667,3.068196,2.590160
1060,3.011747,3.854085,3.277597,3.601611,2.862457
1070,3.011040,2.039288,3.031155,2.055265,2.473528
1080,2.489595,2.670448,2.050424,3.235604,3.783084
1090,2.831915,3.279370,2.822011,3.254085,3.723203
1100,2.563654,2.413218,3.284661,3.137160,3.900174
1110,2.695287,2.446619,2.099019,2.470207,3.610314
1120,2.771181,2.394297,2.784669,1.804106,3.530278
1130,2.282001,1.892741,1.959435,1.798652,2.897729
1140,2.276671,2.829831,2.869846,3.032944,2.137894
1150,2.585845,2.387303,1.961899,3.417502,2.206045
1160,2.277433,2.619218,1.754169,1.931480,3.311245
1170,2.173302,2.265755,1.952404,1.684969,2.916774
1180,2.052615,2.237769,1.781533,2.072809,2.738132
1190,2.380610,2.217860,2.829331,2.400202,2.776359
1200,2.432152,2.297088,2.303319,2.813554,2.378381
1210,2.228983,0.983224,2.212016,1.598161,2.461508
1220,2.108877,2.703044,2.133287,2.580912,2.253712
1230,1.811328,2.057340,1.667252,3.001775,2.686607
1240,2.267630,1.952596,1.204938,1.570056,1.931751
1250,2.091018,2.287700,1.557028,2.382524,2.234977
1260,1.902094,1.624143,1.181762,2.949104,1.739918
1270,1.510412,1.855525,1.962473,2.184000,2.520150
1280,2.335213,1.200470,2.318631,2.807856,0.988636
1290,1.406491,1.096863,1.588860,1.978707,1.945389
1300,1.874264,1.506330,1.032832,1.612328,2.964153
1310,1.664186,1.724088,2.592968,2.307785,2.578362
1320,1.469629,1.837511,0.764122,1.945178,1.008810
1330,1.503174,1.792612,1.103095,1.889103,0.901357
1340,1.909184,2.273545,1.003786,2.684601,1.842769
1350,2.590173,1.583017,0.506272,2.013353,1.840470
1360,1.788516,1.849313,1.988782,2.158473,2.558810
1370,2.285048,1.935342,2.232624,0.657098,1.914925
1380,1.448926,0.968680,0.899142,1.692515,0.748105
1390,1.168032,1.299446,0.805264,2.146392,1.445958
1400,2.042077,1.624112,2.419588,0.532265,0.680775
1410,1.539768,1.947974,1.471681,1.238478,1.456375
1420,1.462722,1.200303,0.613161,1.270156,0.871201
1430,1.127606,1.301726,1.046297,1.551652,2.043573
1440,1.397987,1.887322,2.163594,1.941292,0.758475
1450,1.353327,1.164455,0.774365,0.831867,2.307108
1460,1.470183,0.788337,0.452219,0.891403,1.844682
1470,1.169878,0.581126,1.386344,1.297504,1.236752
1480,1.026172,1.381170,1.176016,1.968271,1.402267
1490,1.027795,1.516256,1.442572,1.967720,1.369292
1500,1.264636,1.009961,0.295267,0.141933,0.839104
1510,1.034145,1.772916,1.021497,0.340403,1.866321
1520,0.954068,0.662238,0.593028,0.223200,1.497554
1530,1.226908,0.564662,1.685716,0.330841,1.392597
1540,1.331979,0.984530,1.028647,1.449664,0.676584
1550,0.754846,0.498827,1.383271,0.587407,0.979322
1560,1.444138,1.442550,1.597617,2.099806,0.918927
1570,1.249557,0.595890,2.050501,1.364982,0.634450
1580,0.883504,1.490474,0.963416,2.094377,1.503764
1590,1.119585,1.227592,0.793394,0.593379,1.751791
1600,0.660801,0.821013,0.590156,0.296799,1.565092
1610,0.891773,1.023233,0.802806,0.004692,1.262138
1620,0.923937,1.362112,0.827970,0.745589,0.083469
1630,0.788780,0.758629,1.835793,0.022291,-0.148130
1640,1.432276,0.975531,0.953416,2.111083,-0.168062
1650,0.427897,0.699461,0.844468,0.364748,1.545477
1660,0.985938,0.601991,1.749168,0.874720,1.026941
1670,0.333259,1.243334,0.358408,0.279171,1.289906
1680,1.167196,0.357064,0.022337,1.079338,0.677537
1690,0.730417,0.757607,0.331726,1.551878,1.462159
1700,1.004344,0.276874,0.079914,1.440616,0.969798
1710,0.955322,0.531228,0.978464,0.580848,0.601556
1720,1.406127,0.970645,1.025099,0.835892,0.228931
1730,0.598172,1.323189,1.060107,0.364705,0.300605
1740,0.555770,0.605657,0.271542,1.128900,0.975120
1750,0.681509,1.204014,0.581888,-0.307038,1.471684
1760,0.893438,0.479183,1.210741,1.489514,1.343926
1770,1.017280,0.450298,0.749138,0.427153,1.691051
1780,1.233823,0.855731,0.074088,0.993343,1.203556
1790,0.140090,1.138153,0.404195,1.314705,0.239478
1800,0.634388,0.602211,0.364092,1.323810,1.212494
1810,0.933838,0.911128,0.122199,1.342315,0.672348
1820,0.336925,1.233340,1.486012,1.249808,1.070436
1830,0.718647,-0.071831,0.466943,0.505635,0.286038
1840,0.704269,0.556976,0.368095,1.187378,0.458754
1850,0.563086,1.538892,1.589108,0.228794,1.763439
1860,0.886491,0.731011,1.459848,-0.198222,-0.272161
1870,1.116743,0.536559,0.712092,0.552068,0.570599
1880,0.846686,0.502622,0.984294,0.114897,1.238350
1890,0.735645,0.545115,1.233895,-0.213447,0.117260
1900,0.724325,0.174227,0.327512,1.351628,1.317734
1910,0.680780,0.327471,1.139902,1.186484,1.025803
1920,1.060829,0.531877,0.681129,-0.301412,0.465434
1930,0.382702,1.013895,1.114877,1.458050,0.684729
1940,0.405114,-0.482187,0.050491,1.076800,-0.009376
1950,0.641759,0.115265,0.955809,-0.366094,-0.060922
1960,0.706245,0.303605,0.839422,1.430199,-0.232014
1970,0.843072,1.183879,-0.032883,0.064515,0.101958
1980,0.949063,0.423623,0.710724,1.043670,0.488900
1990,0.288378,0.496741,0.394279,-0.372593,0.686842
2000,0.758300,0.601470,0.289740,0.269700,1.015179
2010,-0.054169,0.322408,1.027759,-0.218357,0.004689
2020,0.473156,0.835638,0.562545,1.023459,-0.209814
2030,0.024723,1.241834,1.650214,1.117313,-0.039860
2040,0.598066,0.489332,0.220784,1.515419,-0.147765
2050,0.045923,-0.259997,-0.144519,1.404694,-0.288537
2060,-0.041220,0.767990,0.884549,-0.145417,0.086735
2070,0.342685,0.427963,-0.093897,0.000000,0.092590
2080,0.123579,1.013044,0.597652,0.456086,0.384374
2090,0.147183,1.059498,0.420484,0.894339,0.049230
2100,-0.157734,0.514546,1.400430,-0.120807,0.516932
2110,0.440368,0.529619,0.167922,-0.102039,0.768818
2120,0.687286,-0.336658,0.394560,-0.417510,1.211005
2130,-0.010596,0.016485,0.545029,-0.424317,1.511489
2140,0.237841,1.182788,0.342867,-0.133589,0.080909
2150,0.979510,0.457010,0.555607,-0.417295,0.926495
2160,0.281599,0.408906,1.019658,0.398037,-0.234432
2170,0.424605,0.470230,-0.072806,0.331671,0.104220
2180,0.384879,0.296696,-0.216158,-0.048068,0.506150
2190,0.036501,0.234379,0.387611,0.913504,-0.181643
2200,-0.408592,0.096508,1.060610,0.107848,0.542718
2210,0.652291,-0.158793,1.433495,1.149901,0.745868
2220,0.569644,0.549604,0.525538,0.613321,-0.596253
2230,0.731822,0.235584,-0.054030,1.297116,-0.114853
2240,0.133036,-0.112974,-0.026981,-0.751923,0.555700
2250,0.362677,-0.151985,0.340799,-0.656061,0.454548
2260,0.606287,0.960013,0.557238,0.534517,0.641819
2270,0.422579,-0.082343,-0.204455,0.072635,0.491148
2280,-0.065909,0.378801,0.222966,-0.720427,0.603703
2290,0.374215,-0.095323,-0.046944,-0.518390,-0.498993
2300,0.271812,0.321512,0.751091,1.077860,1.140656
2310,0.137704,0.321300,-0.581762,0.856552,0.203946
2320,-0.343523,-0.089421,-0.705628,-0.502203,0.494959
2330,0.435680,0.196347,0.382903,-0.558895,-0.072738
2340,-0.136649,0.453745,-0.035201,0.133222,-0.080904
2350,0.181391,0.397589,0.493919,0.097213,0.439886
2360,0.862471,0.287073,-0.333220,0.173492,0.998513
2370,0.483830,0.535213,-0.261703,-0.753485,-0.456718
2380,0.645139,1.251051,0.072729,-0.055075,0.154854
2390,0.806724,0.134166,0.442381,1.128495,-0.252151
2400,-0.056547,0.075327,-0.248773,0.617225,-0.005855
2410,-0.466733,0.195352,1.355996,0.335970,-0.578882
2420,0.203807,0.569547,1.296374,0.448610,0.796403
2430,-0.111912,-0.151909,-0.696263,-0.878066,-0.042192
2440,0.387357,0.377978,-0.251140,-0.182875,-0.469404
2450,-0.368206,-0.419185,1.382798,1.227295,0.884510
2460,-0.234182,0.514524,-0.430532,0.651808,0.019914
2470,0.375438,-0.323714,-0.559918,0.894974,-0.094906
2480,1.239853,0.187103,-0.149083,0.483155,0.225915
2490,-0.658345,0.203566,1.189567,0.367071,0.936379
2500,0.115392,-0.414171,0.855386,-0.303620,-0.181633
2510,0.089458,0.223565,0.644450,-0.951536,0.198020
2520,0.540053,-0.121131,-0.696988,-0.568345,0.955756
2530,0.120068,0.030586,0.200669,0.172250,1.049783
2540,-0.178907,-0.779954,-0.562337,0.903367,1.240697
2550,0.316756,0.511671,0.188958,-0.032793,0.413295
2560,0.283692,0.196343,0.070357,-0.199107,0.477721
2570,0.557310,-0.147082,-0.323989,-0.720437,0.994933
2580,-0.201478,0.454380,0.548755,-0.630771,-0.104210
2590,-0.327679,0.349547,-0.072711,-0.525643,0.292808
2600,-0.064775,0.535173,0.766152,-0.736154,-0.192042
2610,0.172033,-0.074139,0.456076,-0.399650,1.053967
2620,-0.378041,-0.265925,0.249782,-0.907718,-0.154798
2630,0.080136,-0.103565,1.155552,0.770209,0.039853
2640,0.194480,-0.939037,0.457798,-0.988328,1.070905
2650,0.384139,-0.453406,-0.749764,1.104348,-0.468696
2660,-0.214332,0.238988,0.756508,0.695008,-0.466288
2670,0.240147,0.304898,-0.583790,0.224707,1.042239
2680,-0.075356,-0.337752,0.896315,0.096014,-0.256726
2690,0.078847,0.341059,0.041026,-0.026941,1.144444
2700,0.395595,0.167003,-0.272063,0.351375,1.010462
2710,-0.100101,-0.015282,0.702630,0.234280,0.905510
2720,-0.306021,-0.084613,0.968927,-0.803415,0.198261
2730,0.025926,-0.436242,-0.287416,-0.916940,0.184214
2740,-0.331103,0.050593,0.198132,0.223656,0.726506
2750,-0.021205,0.010594,-0.474849,-0.524887,0.793081
2760,0.196718,0.562625,-0.960680,0.847366,0.417559
2770,0.380754,-0.537671,0.257892,0.721964,-0.890287
2780,0.062459,0.417645,-0.016413,0.690106,0.178320
2790,-0.460296,-0.154039,0.226548,-0.483019,0.167797
2800,-0.157718,0.617693,0.052799,0.287188,-0.881536
2810,-0.344931,0.950279,0.101987,0.238143,0.557286
2820,0.442776,0.228181,-0.333183,-0.349088,-0.007037
2830,0.426142,0.242147,-1.043412,-0.038704,0.001173
2840,0.244929,0.470589,-0.590973,-0.539976,0.255657
2850,0.357990,-0.257681,0.053947,-0.117192,0.504513
2860,0.016495,0.025880,-0.641045,-0.142697,0.312052
2870,0.373369,-0.673105,0.029292,-0.263424,0.484685
2880,-0.122418,0.487619,-0.593411,0.338487,0.381155
2890,-0.476803,0.833470,-1.046800,0.571022,0.569159
2900,0.003532,0.452476,1.195092,-0.591098,-0.881915
2910,0.142404,0.121070,0.287278,-0.593423,1.017672
2920,-0.097700,0.409345,-0.584422,0.321894,0.115991
2930,-0.422793,0.061157,0.766399,-0.866258,-0.112726
2940,-0.470950,-0.748231,-0.294374,-0.814003,-0.404533
2950,0.189625,0.817245,1.223233,0.833916,0.053983
2960,0.330836,-0.753677,0.523332,0.431267,0.256944
2970,-0.064792,0.145930,-0.382333,-0.932084,0.297694
2980,0.064815,-0.387989,0.633167,0.087822,-0.594304
2990,0.554666,0.056442,0.390349,-0.469495,0.917749
3000,0.288455,0.978460,-0.469857,0.758457,0.146701
3010,0.030605,0.001177,0.140841,-0.571637,-0.315554
3020,-0.016489,0.696727,0.420029,0.904795,0.222775
3030,-0.004709,-0.213114,0.789988,-0.345432,-0.438259
3040,-0.121317,-0.051762,0.478295,-0.880458,0.620518
3050,0.157860,-0.088337,0.818350,-0.648834,0.603551
3060,-0.129585,-0.943936,0.617140,-0.209631,0.431165
3070,0.839643,-0.397717,-0.009390,-0.008200,0.034044
3080,0.428419,-0.367041,0.126516,-0.885193,0.390612
3090,0.043535,-0.228111,-0.709281,0.338230,-0.728842
3100,0.200249,-0.418402,-0.269460,0.841162,1.067285
3110,-0.164810,0.513787,1.083727,0.558449,1.170058
3120,0.333211,-0.209204,0.428731,0.634243,0.100832
3130,0.240208,0.232571,0.128860,-0.981074,0.323922
3140,-0.022372,-0.232696,0.761707,0.479964,-0.534034
3150,0.581504,0.410069,-0.269758,-0.606664,-0.673217
3160,-0.165969,0.655666,-0.302607,0.922328,-0.360393
3170,0.116640,-0.554708,-0.019927,0.477592,-0.364065
3180,0.468446,0.317382,0.336551,0.224776,0.245288
3190,0.070640,0.002353,-0.869915,-0.556127,-0.603308
3200,0.180034,-0.443563,-0.039851,0.200160,-0.039944
3210,-0.271999,0.590460,0.778202,0.958401,0.759693
3220,0.137824,0.859640,-0.146569,-0.810016,0.485890
3230,0.541815,-0.313984,-0.924397,1.088549,-0.354857
3240,0.088246,0.266956,-0.194579,0.811568,0.487006
3250,0.112978,0.389476,0.269688,-0.464757,-0.460226
3260,-0.091778,-0.677647,-0.603850,-0.428426,-0.423729
3270,0.174265,-0.150627,0.634260,-0.073738,-0.718668
3280,0.358814,0.258774,-0.415964,-0.860727,0.840613
3290,0.247115,0.384756,0.897580,0.875699,0.852079
3300,0.281365,0.361134,-0.851283,0.516493,-0.685754
3310,0.151810,0.419637,1.013388,-0.568277,-0.536354
3320,0.223501,0.838756,-0.310328,-0.850076,-0.496691
3330,-0.075354,-0.234190,-0.410379,0.619469,-0.238563
3340,-0.828053,0.263553,0.038720,-0.663653,0.488500
3350,-0.784051,-0.012943,-0.639464,-0.995271,0.563573
3360,-0.255397,0.563649,0.788567,0.537167,0.721421
3370,-0.264952,-0.188338,-0.693772,0.800604,0.875009
3380,0.472064,-0.211781,-0.107860,-0.170997,0.414480
3390,0.559362,-0.659346,0.206426,0.963359,-0.304082
3400,-0.196461,0.154014,-0.140815,-0.821359,0.469920
3410,-0.164810,0.191727,-0.267537,-0.487014,0.311416
3420,-0.488688,0.433164,0.300196,-0.756334,0.930087
3430,-0.056573,0.428444,0.145382,-0.247159,0.771970
3440,-0.049421,0.435089,-1.217211,-0.052700,0.273819
3450,-0.368618,-0.884274,-0.891917,-0.562349,0.286770
3460,0.161216,0.117570,-0.301110,1.057747,0.914489
3470,-0.186037,0.129330,0.721398,-0.610061,0.230421
3480,0.231882,0.128264,0.174735,1.077324,-1.119470
3490,-0.206125,-0.454490,0.105627,-0.448206,0.407686
3500,0.418194,0.062330,0.398770,-0.669769,-0.453260
3510,0.246320,0.265804,-0.310785,0.461552,-0.772518
3520,-0.297973,-0.398729,0.687087,1.113502,0.490726
3530,-0.154321,-1.027380,0.761052,0.181486,0.935492
3540,0.254464,0.062320,-0.327425,0.602190,-0.135154
3550,-0.679507,-0.063509,0.509214,0.709394,0.895037
3560,0.356787,0.322370,0.526460,1.125843,-0.050538
3570,-0.167313,0.879515,0.225199,-0.620703,-0.940271
3580,-0.166014,0.476800,-0.901895,-0.049194,-0.045838
3590,-0.556516,-0.011775,-0.690592,-0.050349,0.902513
3600,0.011771,-0.057691,-0.901072,0.958328,0.354010
3610,-0.089525,-0.289723,0.087916,0.271678,-0.050533
3620,0.010596,0.793321,-0.885848,-0.768459,0.136385
3630,-0.371889,0.148134,-0.718150,-0.901505,0.886665
3640,-0.353215,-0.041170,-0.008205,0.662621,-0.774487
3650,-0.023541,-0.165860,-0.206281,-0.834876,0.137506
3660,-0.103625,-0.874654,-0.065680,-0.261097,-0.717510
3670,-0.455890,0.480572,-0.994613,0.849921,0.049306
3680,-0.522697,0.887649,0.371347,-0.299737,0.579428
3690,0.174325,0.899042,0.078519,0.928114,-0.571421
3700,-0.167237,-0.169524,0.582075,-0.454313,0.298874
3710,-0.241460,-0.011773,0.240363,-0.827966,-0.295300
3720,-0.656308,0.110561,-0.767719,0.018745,-0.462082
3730,0.109579,-0.560537,-0.522266,0.995365,-0.147052
3740,0.070680,0.371792,0.967818,0.344256,-0.401026
3750,-0.214380,0.037622,-0.847272,-0.407825,-0.446688
3760,0.674767,-0.217627,0.388317,0.934605,-0.155143
3770,0.322791,0.499079,-0.314320,0.822641,0.003526
3780,-0.551257,-0.524983,-0.022285,0.256551,-0.567945
3790,0.295545,0.183439,-0.082152,0.335188,0.112828
3800,0.837540,-0.400153,0.761005,-0.257855,-0.063466
3810,0.142413,-0.137738,-0.834856,0.490231,0.337664
3820,-0.226223,-0.831365,-1.138892,0.588427,-0.371665
3830,-0.125927,0.925585,0.345957,-0.869256,0.048214
3840,0.104760,-0.149353,-0.202793,-0.710500,-0.228219
3850,-0.348589,0.087049,1.067901,-0.057452,0.147115
3860,0.260258,0.186119,0.230953,0.161702,-0.827468
3870,0.259469,0.000000,-0.753837,-0.717049,-0.392933
3880,0.120338,0.735671,0.828339,-1.188825,0.128237
3890,0.161295,-0.270793,0.424239,0.426441,-0.048203
3900,0.231990,0.792743,0.992927,-0.230676,-0.077623
3910,-0.068222,0.041201,0.769961,0.965410,-0.637728
3920,-0.601328,-0.886782,0.687781,-0.343236,-0.465922
3930,-0.035341,0.407573,0.445485,-0.221241,-0.417902
3940,0.154426,0.076555,0.144197,0.622662,-0.695229
3950,0.195750,-0.211983,-0.763232,0.967057,0.745775
3960,0.498355,0.515866,0.656524,-0.658775,-0.264867
3970,0.008247,0.318768,0.499114,0.788349,-0.828805
3980,0.494785,0.527217,-0.336380,-0.357113,0.432788
3990,-0.116561,0.115282,-0.871801,0.130140,-0.124652
4000,0.055290,-0.541192,0.450879,-0.490911,0.825846
4010,-0.082402,0.549935,0.976921,0.709091,0.580024
4020,-0.529940,0.189402,-0.589110,0.487689,-0.071710
4030,0.287237,-0.191566,-0.680834,0.891342,0.163368
4040,0.295160,0.322006,0.396814,-0.136907,0.499976
4050,-0.216708,-0.392035,0.010547,0.139323,0.976460
4060,0.196713,0.333171,0.463195,-0.805675,0.116472
4070,0.103614,0.031759,-0.758541,-0.104205,-0.029418
4080,0.134140,0.233948,-0.124346,0.385476,-0.232874
4090,0.634532,-0.808402,0.282587,-0.845470,-0.101129
4100,-0.024733,0.404319,0.621287,0.431243,0.852074
4110,-0.201462,-0.364668,-0.825713,0.377467,-0.481363
4120,0.178984,0.218839,0.534331,-0.099584,-0.215299
4130,-0.175466,0.143461,-0.568270,0.042172,0.156507
4140,0.627469,0.178656,-0.145335,0.941594,-0.404732
4150,0.527533,0.085812,0.782339,-0.751979,-0.149434
4160,0.488446,0.472008,-0.700744,-0.087857,-0.860780
4170,-0.240334,-0.196581,-0.274272,-0.045697,0.311830
4180,0.476971,-0.725362,0.695733,-0.872095,0.109479
4190,0.348573,-0.453074,-1.074186,-0.382097,0.135406
4200,0.573030,0.721680,0.347840,0.602257,0.097673
4210,0.475497,-0.985044,0.051577,-0.653722,0.524794
4220,0.727604,0.001176,0.948720,0.611197,0.465251
4230,0.108332,0.550010,0.253224,-0.544450,-0.582053
4240,-0.435611,0.216199,0.749999,0.256496,-0.227437
4250,-0.518357,0.403068,0.049229,0.168824,-0.665875
4260,-0.334390,0.130497,-0.123037,0.887148,0.227310
4270,0.115396,-0.148250,-0.841423,0.392583,0.038881
4280,0.368481,-0.171781,0.583517,0.572742,-0.815215
4290,-0.343691,0.241051,-0.317570,0.987230,0.844528
4300,-0.423843,0.172810,0.134706,-0.405260,-0.348416
4310,0.387586,-0.324081,-0.197915,-0.513056,-0.480543
4320,-0.349608,-0.457407,-0.140631,0.886581,0.665166
4330,-0.041208,-0.066930,0.385721,0.342208,-1.043421
4340,0.054162,0.292612,-0.256726,-0.165274,-0.554370
4350,0.107141,-0.532274,-0.320035,0.125371,0.897019
4360,0.016500,0.431083,-0.952001,-0.845290,-0.158957
4370,-0.546177,-0.352007,0.475211,0.745183,-0.275463
4380,-0.292260,-0.316718,-1.192887,0.347044,-0.991986
4390,-0.110639,-1.010552,-0.224997,0.683240,-0.230809
4400,0.007063,-0.220914,0.725861,0.595862,-0.301641
4410,-0.141330,-0.649067,-0.890218,-0.093808,-0.262704
4420,0.421378,0.576147,0.896939,-0.789162,-0.420468
4430,-0.421616,-1.074136,-0.165064,-0.221541,0.446447
4440,0.433688,-0.030586,0.746217,0.500345,-0.226097
4450,0.044799,0.488445,-0.874893,0.223882,0.061170
4460,-0.027089,-0.841826,0.533207,0.412676,0.074158
4470,-0.329857,0.262139,-1.119763,0.769887,0.203415
4480,0.529727,-0.946906,0.410260,0.934544,-0.148233
4490,-0.261352,-0.432654,0.870837,-0.425824,0.195406
4500,-0.236528,-0.527034,0.467892,0.896214,-0.232848
4510,-0.250781,0.799437,0.845538,-1.045506,-1.024640
4520,0.324957,0.700349,0.850966,-0.237982,0.840651
4530,-0.459122,0.111624,0.547243,-0.277958,-1.064095
4540,0.243547,-0.465457,0.521455,-0.831277,-0.866166
4550,-0.209450,-0.432521,-0.665624,-0.171192,0.273027
4560,-0.655687,-0.405529,-0.022269,-0.866018,-0.335407
4570,0.058872,-0.773466,-0.243736,0.024616,-0.492932
4580,0.182420,0.903443,0.347090,-0.643365,0.484284
4590,0.196541,0.416457,0.676447,-0.472080,-0.481061
4600,0.205812,-0.176370,0.616440,-0.497981,-0.628821
4610,0.049465,0.070546,-0.056253,0.207473,0.455894
4620,-0.603643,-0.344417,-0.787437,0.214257,-0.241069
4630,-0.289437,-0.198592,0.726293,-0.277500,0.614077
4640,0.056469,0.514651,0.578551,0.042177,-0.272749
4650,0.462549,0.184563,-0.736603,1.158674,0.405628
4660,0.203559,0.275118,0.962611,0.539159,-0.796542
4670,0.102426,0.284368,1.011446,0.490052,0.533512
4680,0.469730,0.199743,-0.360918,0.603415,-0.004701
4690,0.044725,-0.356141,-0.988181,-0.612061,0.237282
4700,-0.148284,-0.067021,-0.697665,0.620444,0.623770
4710,-0.050625,-0.097543,0.045725,0.331940,0.540636
4720,-0.377844,0.120990,-0.918123,0.739737,-0.086946
4730,0.273105,0.935452,-0.300111,0.298801,0.670933
4740,0.389254,0.761225,-0.287067,-0.889602,0.069303
4750,-0.323609,-0.459468,-0.829812,0.424155,0.279546
4760,-0.143576,-0.897002,1.189988,-0.900064,0.105523
4770,-0.122360,-0.749094,-0.713936,-0.703411,-0.066969
4780,-0.201185,-0.164571,0.886525,-0.525200,0.220816
4790,0.022364,0.370264,1.007110,0.639006,-0.025836
4800,-0.402340,0.503071,0.637117,-0.256786,-0.875794
4810,0.357845,0.945119,0.850473,0.704641,0.090340
4820,-0.037652,-0.410205,-0.373802,0.208601,-0.065717
4830,0.473107,-0.135192,-1.058223,-0.883707,0.056277
4840,-0.037673,0.582047,0.240133,1.007947,-0.148946
4850,-0.779307,-0.325718,-0.978058,-0.320228,-0.281680
4860,0.556925,0.130539,-0.492536,-0.431587,-0.291216
4870,-0.187193,0.390104,1.027448,0.099714,0.130279
4880,0.440411,-0.270395,0.778565,0.804972,-0.439020
4890,0.097750,0.948611,0.391788,-0.785181,0.973044
4900,0.280401,-0.487670,0.683710,0.878232,-0.147749
4910,-0.155426,0.365516,-0.494566,-1.059365,-0.374392
4920,-0.641502,0.016451,0.327314,-0.191174,0.411806
4930,0.293267,0.015277,0.589103,-0.458361,0.385941
4940,-0.151825,0.071598,0.621974,-0.296548,0.157173
4950,0.546440,0.981423,-0.280290,0.453573,-0.376498
4960,0.718330,0.089319,1.015461,0.858665,0.161731
4970,0.237922,0.997892,-0.610610,0.294309,-0.641121
4980,-0.318023,-0.028184,-0.692410,0.536170,0.183988
4990,-0.260189,0.595479,0.095041,-0.893821,0.541701
5000,0.165976,-0.045819,0.404956,0.039860,-0.310572
